Epoch,Train Loss,Val Loss,Time per sample
1,0.27117747817173177,0.12437265700617546,0.0008181403937917824
2,0.11301581510109776,0.10939395435199412,0.0006648606047057753
3,0.1060144463451194,0.1054051496253407,0.0006738193643625519
4,0.10271780218015271,0.10392891531678992,0.000667767543629104
5,0.10060837445165667,0.10388310746827596,0.0006805838653490883
6,0.0991342410535543,0.10428058912216777,0.0007300344390722704
7,0.09798832021897219,0.10252770633105061,0.0007035206070677759
8,0.0969983104001033,0.10420363513336815,0.0006781239917673544
9,0.09565642891598099,0.10049516680674773,0.0007265736217742403
10,0.09499196858859263,0.09924255121102035,0.0006787494349363326
11,0.09438427864156726,0.10013041538851601,0.000692785539949935
12,0.09359160956204209,0.09891856692626443,0.0007256758822475784
13,0.09322030791332515,0.09971215310590847,0.0007171608235667712
14,0.09307753221797438,0.09770827184260732,0.0007423987637848508
15,0.09195114893814164,0.0975692212371759,0.0007053861311932453
16,0.09162713692372923,0.09775356774478851,0.0006832905046384598
17,0.09133628772905983,0.09673029290778297,0.0007190178564591027
18,0.09095771831076598,0.09695249322194688,0.0006565191125808788
19,0.0899967694879675,0.09612897868967152,0.0006666784007388564
20,0.08974075385613936,0.09534048280065928,0.0006540752589187646
21,0.089224081595343,0.09456678425941908,0.0006617981008782056
22,0.08877833277264517,0.09463381314541493,0.0006673701156327613
23,0.08836872736002155,0.09403205184749434,0.0006856090511032496
24,0.08771179106814775,0.09385943136944377,0.0006684437151085156
25,0.08764462536158539,0.09332293351471305,0.000657837402905004
26,0.08733987910654875,0.09322853243986606,0.0007468371110574158
27,0.08851851851335205,0.09332137866699,0.0007143108315710309
28,0.08685613462137283,0.09255755779668838,0.0007121332324997944
29,0.08645486739561088,0.0928075722375626,0.0006756956996978135
30,0.08597925717979314,0.09198983968563483,0.0006937713968397375
31,0.08591450263854357,0.09207479286961393,0.0006830529205529408
32,0.08534259899311908,0.09183158274267761,0.0006671560974209444
33,0.08534430788596437,0.0914867162044859,0.0006690815235177861
34,0.08517803821142526,0.09203397341717177,0.0006662878274380918
35,0.0848842166423875,0.09085861178231192,0.0006569678499561211
36,0.08454616315232182,0.09179047393187191,0.0007111542723608885
37,0.08427063767838772,0.09116971330863369,0.0006727207505824323
38,0.08398443664996545,0.09058957722345348,0.0007249654541829738
39,0.08403506262248459,0.09020323917959297,0.0007130933608820208
40,0.08379330972064804,0.08980430248877412,0.0006823604665767443
41,0.08332087019384617,0.09017353578352592,0.0007036801768676474
42,0.08297811678430687,0.09049276359963945,0.0006993293784505896
43,0.08302111164119291,0.09052179864714563,0.0006737849824368205
44,0.0826265242295132,0.09043568865933889,0.0007217267137924122
45,0.08253700370188785,0.08978437885672035,0.000744628494952198
46,0.08212518880095775,0.08973070431942912,0.0007371151721203576
47,0.08199210487375479,0.089365534979093,0.0007759056772017385
48,0.08175122631747218,0.08947666629519262,0.0007177100848730117
49,0.08138513407793156,0.08904820929470676,0.0007046324728382368
50,0.08109768794603124,0.08894411627375624,0.0008132102472481201
51,0.0810580820596871,0.08928282250101177,0.0007572102379336364
52,0.08083716676229522,0.08880190485320101,0.0006884927248410002
53,0.08062789068158299,0.08866280630620672,0.0006857987053385966
54,0.08051919824060462,0.0886101844744903,0.0006903924158773359
55,0.08032348611526971,0.08775557732018427,0.0008320292537499586
56,0.0799799178567483,0.08804363309137778,0.0008095131701518657
57,0.07975772068365798,0.08850444626940088,0.0008208846107385282
58,0.07971536568147224,0.08814462464700043,0.0008169573704286355
59,0.07940757610782913,0.08751746778277085,0.0008568011004645898
60,0.07915813711672073,0.0875287707632696,0.000787272497096926
61,0.07904418748058419,0.08689663473749065,0.0007730160309660625
62,0.07859012331635334,0.0869973779654119,0.0007697728109957026
63,0.07833674823303557,0.0870219666953058,0.0007876995999139112
64,0.07808670965730047,0.08723755162846394,0.0007853538521390231
65,0.07819612999290428,0.08684765340636674,0.0007845085077109477
66,0.07775441955587105,0.08601583123686808,0.0007855827662003801
67,0.0775848553020166,0.08589227275709271,0.0007778279882908439
68,0.07740939023510722,0.08639363764637192,0.000769930674598478
69,0.07715313448053492,0.0858177935903221,0.0007730133108952261
70,0.0768054425926094,0.08597089898898089,0.0007683273316743853
71,0.07665177827616691,0.08545245775874231,0.0007797348785493533
72,0.0763189501094209,0.08562969954560701,0.0007783184961936685
73,0.07618111490390342,0.08532273070793037,0.0007880555875810338
74,0.07591885364585997,0.08464335515285641,0.0007938209530346438
75,0.07571626130211635,0.08445034877695068,0.0007983042045813869
76,0.07548976669252938,0.08459121916795401,0.0007861469744469615
77,0.07536248492391937,0.08435860100826267,0.0007818308382698178
78,0.0752274397245267,0.08422549286298829,0.0007943976620411507
79,0.07500795398853537,0.08367832256874567,0.0007658279895904758
80,0.0748120670511909,0.08383460497292475,0.000753861307879652
81,0.0747634769163495,0.08382912606780438,0.0007529242366148743
82,0.07482380504734229,0.08326038428895191,0.0007624664182792264
83,0.07442833837924206,0.08341492679517273,0.0007654136150587069
84,0.07429815171490915,0.08330131122763727,0.000752189246149189
85,0.07418573250932388,0.08306257302312543,0.0007523069740008421
86,0.07400544140020937,0.08311093366242031,0.0007983976473374648
87,0.07390132931132264,0.08326679520623785,0.0007242160140561223
88,0.07383700249695267,0.08243796502200651,0.0007749979361333437
89,0.07375187798769967,0.08385143719868401,0.0007453724710884923
90,0.07385135176433297,0.0823362195036061,0.0008773892071874309
91,0.07365996569143433,0.08306972184771264,0.000955870003914523
92,0.07372142695669592,0.08286813283770138,0.0009276149577645572
93,0.07337617966572064,0.08241613715947034,0.0008934802604311392
94,0.07347307323080349,0.08250670904065042,0.0008899057713624009
95,0.07361971720420817,0.08249548456858341,0.0008576038112433875
96,0.07365669909494474,0.08285424489550428,0.0008475715338807114
97,0.07349420410164974,0.08272815090969535,0.0008500574524670892
98,0.07342872219242867,0.08283911336595623,0.000990875256111467
99,0.07342928738163312,0.08304936459786455,0.001005405687372949
100,0.07359616564714591,0.08288543448002046,0.0010124904000784348
